{"properties": [
  {
    "name": "ui.crossOrigin",
    "type": "java.lang.String",
    "description": "A description for 'ui.crossOrigin'"
  },
  {
    "name": "my.executiondataURL",
    "type": "java.lang.String",
    "description": "A description for 'my.executiondataURL'"
  },
  {
    "name": "my.toolConfigToComundaURL",
    "type": "java.lang.String",
    "description": "A description for 'my.toolConfigToComundaURL'"
  },
  {
    "name": "my.camundaStartProcessUrl",
    "type": "java.lang.String",
    "description": "A description for 'my.camundaStartProcessUrl'"
  }
]}